{
    "count": 70755,
    "firstDocument": 1,
    "lastDocument": 50,
    "nextUrl": "/api/rest/jobsearch/v1/simple.json?areacode=&country=&state=&skill=&city=&text=&ip=&diceid=&page=2",
    "resultItemList": [
        {
            "detailUrl": "http://www.dice.com/job/result/10123197/sat_sterling?src=19",
            "jobTitle": "Sterling Integrator",
            "company": "Themesoft Inc",
            "location": "East Hanover, NJ",
            "date": "2017-07-05"
        },
        {
            "detailUrl": "http://www.dice.com/job/result/excell/17-01476?src=19",
            "jobTitle": "project manager sr - IT",
            "company": "eXcell",
            "location": "Seattle, WA",
            "date": "2017-07-05"
        },
        {
            "detailUrl": "http://www.dice.com/job/result/cybercod/PZ1-13759776?src=19",
            "jobTitle": "Sr. Product Manager - SaaS - Cloud Platforms",
            "company": "CyberCoders",
            "location": "Dallas, TX",
            "date": "2017-07-05"
        },
        {
            "detailUrl": "http://www.dice.com/job/result/RTX1c1466/042665?src=19",
            "jobTitle": "Software Quality Assurance Analyst",
            "company": "Xenex Disinfection Services",
            "location": "San Antonio, TX",
            "date": "2017-06-23"
        },
        {
            "detailUrl": "http://www.dice.com/job/result/trinj/B0617-0076-AJ?src=19",
            "jobTitle": "SAP Strategy Management specialist",
            "company": "TRIGYN TECHNOLOGIES, INC.",
            "location": "Manhattan, NY",
            "date": "2017-07-05"
        },
        {
            "detailUrl": "http://www.dice.com/job/result/pyrmid/040665?src=19",
            "jobTitle": "Java Developer",
            "company": "Pyramid Consulting, Inc.",
            "location": "Columbia, SC",
            "date": "2017-07-05"
        },
        {
            "detailUrl": "http://www.dice.com/job/result/10187208/037033?src=19",
            "jobTitle": "Network Security Engineer",
            "company": "KBM GROUP, INC.",
            "location": "Hanover, MD",
            "date": "2017-06-13"
        },
        {
            "detailUrl": "http://www.dice.com/job/result/apexsan/060642?src=19",
            "jobTitle": "SAP P2P Analyst",
            "company": "Apex Systems, Inc",
            "location": "The Woodlands, TX",
            "date": "2017-07-03"
        },
        {
            "detailUrl": "http://www.dice.com/job/result/10114077/010140?src=19",
            "jobTitle": "Senior Infrastructure/VMWare Engineer",
            "company": "Computer Aid, Inc.",
            "location": "Mechanicsburg, PA",
            "date": "2017-06-09"
        },
        {
            "detailUrl": "http://www.dice.com/job/result/10527654/054112?src=19",
            "jobTitle": "Lighting Design Sales Manager",
            "company": "TierPM AV / IT Workforce Solutions",
            "location": "Chicago, IL",
            "date": "2017-06-27"
        },
        {
            "detailUrl": "http://www.dice.com/job/result/qed/BBBH10327-715?src=19",
            "jobTitle": "Systems Administrator/Windows",
            "company": "QED National",
            "location": "Brooklyn, NY",
            "date": "2017-07-05"
        },
        {
            "detailUrl": "http://www.dice.com/job/result/90999908/044383?src=19",
            "jobTitle": "Automation Test Engineer, Software",
            "company": "Oxford Global Resources",
            "location": "Hesston, KS",
            "date": "2017-06-29"
        },
        {
            "detailUrl": "http://www.dice.com/job/result/10121891/GeeProposalMana?src=19",
            "jobTitle": "Proposal Manager",
            "company": "Technocrafts, Inc.",
            "location": "Windsor Mill, MD",
            "date": "2017-07-03"
        },
        {
            "detailUrl": "http://www.dice.com/job/result/COMSYSD/FOX_11237651-382?src=19",
            "jobTitle": "Cyber Technology Developer",
            "company": "Experis",
            "location": "Columbus, OH",
            "date": "2017-07-05"
        },
        {
            "detailUrl": "http://www.dice.com/job/result/kforcecx/ITWQG1639402?src=19",
            "jobTitle": "Network Security Administrator",
            "company": "Kforce Inc.",
            "location": "Plano, TX",
            "date": "2017-07-05"
        },
        {
            "detailUrl": "http://www.dice.com/job/result/cybercod/SM1-13815262?src=19",
            "jobTitle": "Product Applications Engineer - DRAM,",
            "company": "CyberCoders",
            "location": "Boise, ID",
            "date": "2017-07-05"
        },
        {
            "detailUrl": "http://www.dice.com/job/result/kforcecx/ITEQG1639955?src=19",
            "jobTitle": "Senior Business Analyst",
            "company": "Kforce Inc.",
            "location": "Atlanta, GA",
            "date": "2017-07-05"
        },
        {
            "detailUrl": "http://www.dice.com/job/result/90756134/NAB-306?src=19",
            "jobTitle": "Apttus CQP Solution Architect",
            "company": "Karmel Software Solutions Inc.,",
            "location": "Boston, MA",
            "date": "2017-06-22"
        },
        {
            "detailUrl": "http://www.dice.com/job/result/10111030/17000735?src=19",
            "jobTitle": "Product Owner",
            "company": "TransUnion",
            "location": "Chicago, IL",
            "date": "2017-07-05"
        },
        {
            "detailUrl": "http://www.dice.com/job/result/RTL65472/710823?src=19",
            "jobTitle": "Release Manager_KL",
            "company": "GlobalLogic, Inc.",
            "location": "Milwaukee, WI",
            "date": "2017-07-05"
        },
        {
            "detailUrl": "http://www.dice.com/job/result/cybercod/LS4-137204614?src=19",
            "jobTitle": "Software Engineer (Test Automation, Java)",
            "company": "CyberCoders",
            "location": "San Mateo, CA",
            "date": "2017-07-05"
        },
        {
            "detailUrl": "http://www.dice.com/job/result/rhalfint/03600-0009329312?src=19",
            "jobTitle": "DataStage Developer",
            "company": "Robert Half Technology",
            "location": "Portland, OR",
            "date": "2017-07-05"
        },
        {
            "detailUrl": "http://www.dice.com/job/result/cybercod/HK2-137143616?src=19",
            "jobTitle": "Software Engineer - C# ASP.NET, Web Services, SQL, JavaScript",
            "company": "CyberCoders",
            "location": "Charlottesville, VA",
            "date": "2017-07-05"
        },
        {
            "detailUrl": "http://www.dice.com/job/result/10198577/062458?src=19",
            "jobTitle": "UX/UI Designer - Local to NC",
            "company": "Diverse Lynx Llc",
            "location": "Charlotte, NC",
            "date": "2017-07-05"
        },
        {
            "detailUrl": "http://www.dice.com/job/result/RTL130910/061170?src=19",
            "jobTitle": "IS-U Functional Device Management Consultant",
            "company": "DC&M Partners",
            "location": "Seattle, WA",
            "date": "2017-07-03"
        },
        {
            "detailUrl": "http://www.dice.com/job/result/10294321/BHJOB2052_13421?src=19",
            "jobTitle": "Technical Lead (Node.js / Angular) - BHJOB2052_13421",
            "company": "Visionaire Partners",
            "location": "Atlanta, GA",
            "date": "2017-06-22"
        },
        {
            "detailUrl": "http://www.dice.com/job/result/dtstnag/191927?src=19",
            "jobTitle": "Java Developer Test",
            "company": "Dice Demo - National Accounts",
            "location": "New York, NY",
            "date": "2017-06-27"
        },
        {
            "detailUrl": "http://www.dice.com/job/result/excell/17-01261?src=19",
            "jobTitle": "Printer Technician",
            "company": "eXcell",
            "location": "Burbank, CA",
            "date": "2017-07-05"
        },
        {
            "detailUrl": "http://www.dice.com/job/result/sunrise/048015?src=19",
            "jobTitle": "Technical Writer",
            "company": "Sunrise Systems, Inc.",
            "location": "New Brunswick, NJ",
            "date": "2017-06-21"
        },
        {
            "detailUrl": "http://www.dice.com/job/result/10122062/16-1306?src=19",
            "jobTitle": "Training Development Specialist",
            "company": "Bowhead/ UICGS",
            "location": "Goodfellow",
            "date": "2017-07-05"
        },
        {
            "detailUrl": "http://www.dice.com/job/result/10208703/4676AM?src=19",
            "jobTitle": "PMO Project Manager/CSM Scrum Master",
            "company": "Benchmark IT LLC",
            "location": "Woodcliff Lake, NJ",
            "date": "2017-07-01"
        },
        {
            "detailUrl": "http://www.dice.com/job/result/cybercod/KV1-13794384?src=19",
            "jobTitle": "Test Automation Engineer - PHP & JavaScript",
            "company": "CyberCoders",
            "location": "Austin, TX",
            "date": "2017-07-05"
        },
        {
            "detailUrl": "http://www.dice.com/job/result/10208346F/4642_SM_683?src=19",
            "jobTitle": "Scrum Master",
            "company": "Collabera",
            "location": "Dublin, OH",
            "date": "2017-07-05"
        },
        {
            "detailUrl": "http://www.dice.com/job/result/cybercod/RH-13725759?src=19",
            "jobTitle": "Customer Service - Front Office,Customer support",
            "company": "CyberCoders",
            "location": "Madison, WI",
            "date": "2017-07-05"
        },
        {
            "detailUrl": "http://www.dice.com/job/result/10459487/022181?src=19",
            "jobTitle": "Web Application Developer",
            "company": "Southeastern Technology Consultants",
            "location": "Knoxville, TN",
            "date": "2017-06-23"
        },
        {
            "detailUrl": "http://www.dice.com/job/result/10127643A/9263?src=19",
            "jobTitle": "Software Engineer",
            "company": "Allscripts",
            "location": "Raleigh, NC",
            "date": "2017-07-05"
        },
        {
            "detailUrl": "http://www.dice.com/job/result/10211169a/sdet_python?src=19",
            "jobTitle": "SDET  java coding 90% selenium qa 10%  .strong scripting F2F Must",
            "company": "ZealTech, Inc.",
            "location": "san jose, CA",
            "date": "2017-07-05"
        },
        {
            "detailUrl": "http://www.dice.com/job/result/10122062/17-1267?src=19",
            "jobTitle": "NEN Analyst",
            "company": "Bowhead/ UICGS",
            "location": "Dahlgren, VA",
            "date": "2017-07-05"
        },
        {
            "detailUrl": "http://www.dice.com/job/result/10114109/37090BR?src=19",
            "jobTitle": "Salesforce Administrator",
            "company": "First American",
            "location": "Midvale, UT",
            "date": "2017-07-05"
        },
        {
            "detailUrl": "http://www.dice.com/job/result/COMSYSD/FOX_11240409-613?src=19",
            "jobTitle": "Junior Webmaster",
            "company": "Experis",
            "location": "West University Place, TX",
            "date": "2017-07-05"
        },
        {
            "detailUrl": "http://www.dice.com/job/result/10122158/IGS0525?src=19",
            "jobTitle": "Embedded design engineer",
            "company": "Indecomm Holding Inc - Technology Services",
            "location": "Santa Clara, CA",
            "date": "2017-06-20"
        },
        {
            "detailUrl": "http://www.dice.com/job/result/10115421a/77475BR?src=19",
            "jobTitle": "Director, Digital Performance Marketing",
            "company": "T-Mobile USA, Inc",
            "location": "Bellevue, WA",
            "date": "2017-07-05"
        },
        {
            "detailUrl": "http://www.dice.com/job/result/capricor/533486?src=19",
            "jobTitle": "Junior Application Developer",
            "company": "Capricorn Systems, Inc.",
            "location": "Columbus, GA",
            "date": "2017-07-05"
        },
        {
            "detailUrl": "http://www.dice.com/job/result/kforcecx/ITTND1640440?src=19",
            "jobTitle": "General Clerk IV",
            "company": "Kforce Inc.",
            "location": "Irvine, CA",
            "date": "2017-07-05"
        },
        {
            "detailUrl": "http://www.dice.com/job/result/90696805/062417?src=19",
            "jobTitle": "Product Owner",
            "company": "Data Wave Technologies Inc",
            "location": "Memphis, TN",
            "date": "2017-07-05"
        },
        {
            "detailUrl": "http://www.dice.com/job/result/matlennj/055824?src=19",
            "jobTitle": "SAP Functional Consultant",
            "company": "Matlen Silver",
            "location": "Warren, NJ",
            "date": "2017-06-29"
        },
        {
            "detailUrl": "http://www.dice.com/job/result/dsril001/3131?src=19",
            "jobTitle": "Java /Webservices developer",
            "company": "Katalyst Technologies Inc.",
            "location": "Alpharetta, GA",
            "date": "2017-06-26"
        },
        {
            "detailUrl": "http://www.dice.com/job/result/10211279/JR-205621?src=19",
            "jobTitle": "Portland OfficeTeam Administrative Recruiter",
            "company": "Field",
            "location": "Portland, ME",
            "date": "2017-07-05"
        },
        {
            "detailUrl": "http://www.dice.com/job/result/10115656/Vik@QAD?src=19",
            "jobTitle": "QAD Consultant",
            "company": "Amzur Technologies, Inc.",
            "location": "Louisville, KY",
            "date": "2017-06-26"
        },
        {
            "detailUrl": "http://www.dice.com/job/result/90827581/877489?src=19",
            "jobTitle": "Lead Software Engineer - Java",
            "company": "2 Bridge Partners",
            "location": "New York, NY",
            "date": "2017-06-30"
        }
    ]
}